{
  "credentials": {
    "peers": [
      {
        "discovery_host": "8df5c155d43f45a3b8f8dd88398d116a-vp2.us.blockchain.ibm.com",
        "discovery_port": 30304,
        "api_host": "8df5c155d43f45a3b8f8dd88398d116a-vp2.us.blockchain.ibm.com",
        "api_port_tls": 444,
        "api_port": 444,
        "type": "peer",
        "network_id": "8df5c155d43f45a3b8f8dd88398d116a",
        "container_id": "92216f512e3e644ef82b073cde573e68ab01659364c7605fb336b93753d25605",
        "id": "8df5c155d43f45a3b8f8dd88398d116a-vp2",
        "api_url": "http://8df5c155d43f45a3b8f8dd88398d116a-vp2.us.blockchain.ibm.com:444"
      },
      {
        "discovery_host": "8df5c155d43f45a3b8f8dd88398d116a-vp1.us.blockchain.ibm.com",
        "discovery_port": 30304,
        "api_host": "8df5c155d43f45a3b8f8dd88398d116a-vp1.us.blockchain.ibm.com",
        "api_port_tls": 444,
        "api_port": 444,
        "type": "peer",
        "network_id": "8df5c155d43f45a3b8f8dd88398d116a",
        "container_id": "406108ee95194940c41bab0465c70d49c8923ca4c38d12678035019bcfcaa437",
        "id": "8df5c155d43f45a3b8f8dd88398d116a-vp1",
        "api_url": "http://8df5c155d43f45a3b8f8dd88398d116a-vp1.us.blockchain.ibm.com:444"
      },
      {
        "discovery_host": "8df5c155d43f45a3b8f8dd88398d116a-vp0.us.blockchain.ibm.com",
        "discovery_port": 30304,
        "api_host": "8df5c155d43f45a3b8f8dd88398d116a-vp0.us.blockchain.ibm.com",
        "api_port_tls": 444,
        "api_port": 444,
        "type": "peer",
        "network_id": "8df5c155d43f45a3b8f8dd88398d116a",
        "container_id": "8d9d8d8524bd2b0b8a17a55c362342172d1f055e938bb50d31ea44760fad457b",
        "id": "8df5c155d43f45a3b8f8dd88398d116a-vp0",
        "api_url": "http://8df5c155d43f45a3b8f8dd88398d116a-vp0.us.blockchain.ibm.com:444"
      },
      {
        "discovery_host": "8df5c155d43f45a3b8f8dd88398d116a-vp3.us.blockchain.ibm.com",
        "discovery_port": 30304,
        "api_host": "8df5c155d43f45a3b8f8dd88398d116a-vp3.us.blockchain.ibm.com",
        "api_port_tls": 444,
        "api_port": 444,
        "type": "peer",
        "network_id": "8df5c155d43f45a3b8f8dd88398d116a",
        "container_id": "70fdb90a40a6cb78de3dc030b913127bf716ad0c168a7438bb82c5476a1e4a73",
        "id": "8df5c155d43f45a3b8f8dd88398d116a-vp3",
        "api_url": "http://8df5c155d43f45a3b8f8dd88398d116a-vp3.us.blockchain.ibm.com:444"
      }
    ],
    "ca": {
      "8df5c155d43f45a3b8f8dd88398d116a-ca": {
        "url": "8df5c155d43f45a3b8f8dd88398d116a-ca.us.blockchain.ibm.com:30304",
        "discovery_host": "8df5c155d43f45a3b8f8dd88398d116a-ca.us.blockchain.ibm.com",
        "discovery_port": 30304,
        "api_host": "8df5c155d43f45a3b8f8dd88398d116a-ca.us.blockchain.ibm.com",
        "api_port_tls": 30304,
        "api_port": 30304,
        "type": "ca",
        "network_id": "8df5c155d43f45a3b8f8dd88398d116a",
        "container_id": "e96525d412aa425a38ab72e5e973cc21c5c50ed74436b4218eb89d3d9687ee13",
        "newUsersObj": [
          {
            "enrollId": "admin",
            "enrollSecret": "6f28dce540",
            "group": "group1",
            "affiliation": "0001",
            "username": "admin",
            "secret": "6f28dce540"
          },
          {
            "enrollId": "WebAppAdmin",
            "enrollSecret": "ae5bdf0584",
            "group": "group1",
            "affiliation": "0001",
            "username": "WebAppAdmin",
            "secret": "ae5bdf0584"
          },
          {
            "enrollId": "peer0",
            "enrollSecret": "17f44369b4",
            "group": "group1",
            "affiliation": "0001",
            "username": "peer0",
            "secret": "17f44369b4"
          },
          {
            "enrollId": "peer1",
            "enrollSecret": "d71df2f724",
            "group": "group1",
            "affiliation": "0001",
            "username": "peer1",
            "secret": "d71df2f724"
          },
          {
            "enrollId": "peer2",
            "enrollSecret": "30246648f6",
            "group": "group1",
            "affiliation": "0001",
            "username": "peer2",
            "secret": "30246648f6"
          },
          {
            "enrollId": "peer3",
            "enrollSecret": "f9afc9ee82",
            "group": "group1",
            "affiliation": "0001",
            "username": "peer3",
            "secret": "f9afc9ee82"
          },
          {
            "enrollId": "dashboarduser_type1_0",
            "enrollSecret": "461959e77f",
            "group": "group1",
            "affiliation": "0001",
            "username": "dashboarduser_type1_0",
            "secret": "461959e77f"
          },
          {
            "enrollId": "dashboarduser_type1_1",
            "enrollSecret": "879c50c732",
            "group": "group1",
            "affiliation": "0001",
            "username": "dashboarduser_type1_1",
            "secret": "879c50c732"
          },
          {
            "enrollId": "dashboarduser_type1_2",
            "enrollSecret": "e1d1e98cd0",
            "group": "group1",
            "affiliation": "0001",
            "username": "dashboarduser_type1_2",
            "secret": "e1d1e98cd0"
          },
          {
            "enrollId": "dashboarduser_type1_3",
            "enrollSecret": "35c6261095",
            "group": "group1",
            "affiliation": "0001",
            "username": "dashboarduser_type1_3",
            "secret": "35c6261095"
          },
          {
            "enrollId": "user_type1_0",
            "enrollSecret": "7c6cc75b19",
            "group": "group1",
            "affiliation": "0001",
            "username": "user_type1_0",
            "secret": "7c6cc75b19"
          },
          {
            "enrollId": "user_type1_1",
            "enrollSecret": "64d42bc697",
            "group": "group1",
            "affiliation": "0001",
            "username": "user_type1_1",
            "secret": "64d42bc697"
          },
          {
            "enrollId": "user_type1_2",
            "enrollSecret": "438c6e6d07",
            "group": "group1",
            "affiliation": "0001",
            "username": "user_type1_2",
            "secret": "438c6e6d07"
          },
          {
            "enrollId": "user_type1_3",
            "enrollSecret": "40d3d1c373",
            "group": "group1",
            "affiliation": "0001",
            "username": "user_type1_3",
            "secret": "40d3d1c373"
          },
          {
            "enrollId": "user_type1_4",
            "enrollSecret": "c3905b7c86",
            "group": "group1",
            "affiliation": "0001",
            "username": "user_type1_4",
            "secret": "c3905b7c86"
          },
          {
            "enrollId": "user_type2_0",
            "enrollSecret": "0b7b62145f",
            "group": "group1",
            "affiliation": "0001",
            "username": "user_type2_0",
            "secret": "0b7b62145f"
          },
          {
            "enrollId": "user_type2_1",
            "enrollSecret": "1cced81455",
            "group": "group1",
            "affiliation": "0001",
            "username": "user_type2_1",
            "secret": "1cced81455"
          },
          {
            "enrollId": "user_type2_2",
            "enrollSecret": "6c028fe9b1",
            "group": "group1",
            "affiliation": "0001",
            "username": "user_type2_2",
            "secret": "6c028fe9b1"
          },
          {
            "enrollId": "user_type2_3",
            "enrollSecret": "b581885338",
            "group": "group1",
            "affiliation": "0001",
            "username": "user_type2_3",
            "secret": "b581885338"
          },
          {
            "enrollId": "user_type2_4",
            "enrollSecret": "eca2142b37",
            "group": "group1",
            "affiliation": "0001",
            "username": "user_type2_4",
            "secret": "eca2142b37"
          },
          {
            "enrollId": "user_type4_0",
            "enrollSecret": "3d5316e88b",
            "group": "group1",
            "affiliation": "0001",
            "username": "user_type4_0",
            "secret": "3d5316e88b"
          },
          {
            "enrollId": "user_type4_1",
            "enrollSecret": "202537cacb",
            "group": "group1",
            "affiliation": "0001",
            "username": "user_type4_1",
            "secret": "202537cacb"
          },
          {
            "enrollId": "user_type4_2",
            "enrollSecret": "7aa984f318",
            "group": "group1",
            "affiliation": "0001",
            "username": "user_type4_2",
            "secret": "7aa984f318"
          },
          {
            "enrollId": "user_type4_3",
            "enrollSecret": "ac33b2f7b4",
            "group": "group1",
            "affiliation": "0001",
            "username": "user_type4_3",
            "secret": "ac33b2f7b4"
          },
          {
            "enrollId": "user_type4_4",
            "enrollSecret": "e7453174b7",
            "group": "group1",
            "affiliation": "0001",
            "username": "user_type4_4",
            "secret": "e7453174b7"
          },
          {
            "enrollId": "user_type8_0",
            "enrollSecret": "5b072dd1ed",
            "group": "group1",
            "affiliation": "0001",
            "username": "user_type8_0",
            "secret": "5b072dd1ed"
          },
          {
            "enrollId": "user_type8_1",
            "enrollSecret": "8e827fb6fd",
            "group": "group1",
            "affiliation": "0001",
            "username": "user_type8_1",
            "secret": "8e827fb6fd"
          },
          {
            "enrollId": "user_type8_2",
            "enrollSecret": "1e3da00415",
            "group": "group1",
            "affiliation": "0001",
            "username": "user_type8_2",
            "secret": "1e3da00415"
          },
          {
            "enrollId": "user_type8_3",
            "enrollSecret": "0744969839",
            "group": "group1",
            "affiliation": "0001",
            "username": "user_type8_3",
            "secret": "0744969839"
          },
          {
            "enrollId": "user_type8_4",
            "enrollSecret": "35896c446c",
            "group": "group1",
            "affiliation": "0001",
            "username": "user_type8_4",
            "secret": "35896c446c"
          }
        ]
      }
    },
    "users": [
      {
        "username": "admin",
        "secret": "6f28dce540",
        "enrollId": "admin",
        "enrollSecret": "6f28dce540"
      },
      {
        "username": "WebAppAdmin",
        "secret": "ae5bdf0584",
        "enrollId": "WebAppAdmin",
        "enrollSecret": "ae5bdf0584"
      },
      {
        "username": "user_type1_0",
        "secret": "7c6cc75b19",
        "enrollId": "user_type1_0",
        "enrollSecret": "7c6cc75b19"
      },
      {
        "username": "user_type1_1",
        "secret": "64d42bc697",
        "enrollId": "user_type1_1",
        "enrollSecret": "64d42bc697"
      },
      {
        "username": "user_type1_2",
        "secret": "438c6e6d07",
        "enrollId": "user_type1_2",
        "enrollSecret": "438c6e6d07"
      },
      {
        "username": "user_type1_3",
        "secret": "40d3d1c373",
        "enrollId": "user_type1_3",
        "enrollSecret": "40d3d1c373"
      },
      {
        "username": "user_type1_4",
        "secret": "c3905b7c86",
        "enrollId": "user_type1_4",
        "enrollSecret": "c3905b7c86"
      },
      {
        "username": "user_type2_0",
        "secret": "0b7b62145f",
        "enrollId": "user_type2_0",
        "enrollSecret": "0b7b62145f"
      },
      {
        "username": "user_type2_1",
        "secret": "1cced81455",
        "enrollId": "user_type2_1",
        "enrollSecret": "1cced81455"
      },
      {
        "username": "user_type2_2",
        "secret": "6c028fe9b1",
        "enrollId": "user_type2_2",
        "enrollSecret": "6c028fe9b1"
      },
      {
        "username": "user_type2_3",
        "secret": "b581885338",
        "enrollId": "user_type2_3",
        "enrollSecret": "b581885338"
      },
      {
        "username": "user_type2_4",
        "secret": "eca2142b37",
        "enrollId": "user_type2_4",
        "enrollSecret": "eca2142b37"
      },
      {
        "username": "user_type4_0",
        "secret": "3d5316e88b",
        "enrollId": "user_type4_0",
        "enrollSecret": "3d5316e88b"
      },
      {
        "username": "user_type4_1",
        "secret": "202537cacb",
        "enrollId": "user_type4_1",
        "enrollSecret": "202537cacb"
      },
      {
        "username": "user_type4_2",
        "secret": "7aa984f318",
        "enrollId": "user_type4_2",
        "enrollSecret": "7aa984f318"
      },
      {
        "username": "user_type4_3",
        "secret": "ac33b2f7b4",
        "enrollId": "user_type4_3",
        "enrollSecret": "ac33b2f7b4"
      },
      {
        "username": "user_type4_4",
        "secret": "e7453174b7",
        "enrollId": "user_type4_4",
        "enrollSecret": "e7453174b7"
      },
      {
        "username": "user_type8_0",
        "secret": "5b072dd1ed",
        "enrollId": "user_type8_0",
        "enrollSecret": "5b072dd1ed"
      },
      {
        "username": "user_type8_1",
        "secret": "8e827fb6fd",
        "enrollId": "user_type8_1",
        "enrollSecret": "8e827fb6fd"
      },
      {
        "username": "user_type8_2",
        "secret": "1e3da00415",
        "enrollId": "user_type8_2",
        "enrollSecret": "1e3da00415"
      },
      {
        "username": "user_type8_3",
        "secret": "0744969839",
        "enrollId": "user_type8_3",
        "enrollSecret": "0744969839"
      },
      {
        "username": "user_type8_4",
        "secret": "35896c446c",
        "enrollId": "user_type8_4",
        "enrollSecret": "35896c446c"
      }
    ],
    "cert": "https://blockchain-certs.mybluemix.net/us.blockchain.ibm.com.cert"
  }
}